ID	audio	tgt_text
0	ted_1_0.wav	Je voudrais vous inviter à participer à une petite expérience de réflexion.
1	ted_1_1.wav	Faisons semblant que nous partons ensemble en expédition polaire, vous tous et moi, et nous devons engager un capitaine.
2	ted_1_3.wav	On vient d'un homme qui a déjà réussi à atteindre avec succès les quatre principaux objectifs polaires, soit le pôle Nord et le pôle Sud, ainsi que le passage du Nord-Est et le passage du Nord-Ouest.
3	ted_1_4.wav	En fait, trois d'entre eux, il a été la première personne à accomplir.
4	ted_1_6.wav	Le candidat B est un homme qui s'est rendu quatre fois en Antarctique, trois fois en tant que responsable, et à chaque fois s'est soldé par un échec, une catastrophe ou la mort.
5	ted_1_12.wav	Mais en réalité, nous nous trompons souvent en embauchant le candidat B ou quelqu'un comme lui.
6	ted_1_14.wav	Pendant ce temps, le candidat A, le Norvégien Roald Amundsen, selon toutes les mesures, l'explorateur polaire le plus réussi ayant jamais vécu, a été largement oublié.
7	ted_1_15.wav	J'ai effectué une recherche rapide dans le catalogue de la bibliothèque de mon université avant cette conférence, et j'ai trouvé pas moins de 26 livres qui célèbrent les qualités de leadership de Shackleton.
8	ted_1_16.wav	Pour Amundsen, j'en ai trouvé quatre, dont j'en ai écrit deux.
9	ted_1_18.wav	Pourquoi sommes-nous obsédés par un leader médiocre au mieux et ignorons-nous un vrai talentueux ?
10	ted_1_19.wav	Eh bien, je suis historien et j'étudie le leadership, et je suis ici pour vous dire que nous célébrons les mauvais leaders, et pas seulement dans le domaine de l'exploration polaire.
11	ted_1_20.wav	Vous parlez probablement de lui autour des machines à café le matin.
12	ted_1_22.wav	Il est né esclave illettré et a réussi à devenir l'un des révolutionnaires les plus influents de tous les temps, surpassant les plus grands empires de son époque, y compris celui de Napoléon.
13	ted_1_25.wav	Et ce n'est pas simplement un aperçu académique ou trivial.
14	ted_1_28.wav	Tous les défis auxquels nous sommes confrontés aujourd'hui nécessitent que les gens travaillent ensemble, et cela, à son tour, exige quelqu'un qui puisse les motiver, les inspirer, coordonner le travail, faire face à tout problème éventuel qui pourrait survenir en cours de route.
15	ted_1_29.wav	Mais pour cette raison, il est important que nous célébrions les bons leaders, car ce sont les leaders que nous célébrons qui sont ceux dont nous apprenons.
16	ted_1_30.wav	Et donc, dans ce sens, les dirigeants que nous célébrons ont un impact direct sur le succès, ou peut-être l'échec, de nos plus grands projets aujourd'hui.
17	ted_1_33.wav	Mais il y a un autre coupable en jeu également, ce que j'aime appeler la fallacie de l'action.
18	ted_1_34.wav	Notre croyance erronée que les meilleurs leaders sont ceux qui génèrent le plus de bruit, d'action et d'activité sensationnelle dans les circonstances les plus dramatiques.
19	ted_1_35.wav	En d'autres termes, nous confondons une bonne histoire avec un bon leadership.
20	ted_1_37.wav	En fait, très souvent, un bon leadership se traduira par une mauvaise histoire.
21	ted_1_39.wav	Imaginez le leadership pour un instant non pas comme un explorateur polaire traçant un nouveau cours ou une PDG motivant son personnel, mais comme le simple acte de nager à travers une rivière.
22	ted_1_41.wav	Imaginez une rivière violente avec des vagues se heurtant les unes aux autres et des rochers cachés quelque part sous la surface.
23	ted_1_42.wav	Si un nageur se hasarde de façon désordonnée, sans être conscient de ses propres capacités ou des courants, et manque de se noyer, mais s'agite follement, se bat de toutes ses forces et parvient d'une manière ou d'une autre, miraculeusement, à se ramener en sécurité, ceux d'entre nous qui observent le remarqueront.
24	ted_1_45.wav	Il s'est vraiment battu dur pour se sortir de cette crise.
25	ted_1_46.wav	Et si à la place, nous avons une nageuse qui a étudié la rivière pendant des années et qui sait exactement où et quand entrer dans l'eau et comment tourner son corps de manière subtile, laissant ainsi le courant la porter, nous ne la remarquerons probablement pas.
26	ted_1_47.wav	Et si nous le faisions, nous dirions probablement, Eh, ça semble assez facile.
27	ted_1_49.wav	Et lui et ses hommes ont alors été contraints de entreprendre un trek dangereux à travers la glace et de braver certaines des mers les plus agitées de la Terre avant d'atteindre enfin la sécurité de la Géorgie du Sud à l'été 1916.
28	ted_1_52.wav	En fait, cela a été adapté en série télévisée avec un jeune Kenneth Branagh.
29	ted_1_53.wav	Mais ce n'est pas une histoire à partir de laquelle tirer des leçons de leadership.
30	ted_1_54.wav	Il a ignoré les conseils des pêcheurs locaux qui lui ont dit que la glace était particulièrement dangereuse cette saison.
31	ted_1_55.wav	Et il a négligé les importants déficits dans son équipement, sa préparation, la sélection de son équipage et sa formation.
32	ted_1_57.wav	Rarement mis en avant dans les nombreux livres qui célèbrent ses qualités de leadership est le fait que l'autre navire de l'expédition, l'Aurora, a connu une crise encore plus grave, qui a entraîné la perte de trois vies.
33	ted_1_58.wav	En revanche, les expéditions d'un Roald Amundsen sont ennuyeuses à lire.
34	ted_1_59.wav	Ce n'est pas parce qu'il était chanceux, mais parce qu'en se basant sur sa connaissance intime de l'environnement polaire, son planning soigneux et délibéré, ainsi que son leadership authentique et novateur sur le terrain, il a réussi à réduire au strict minimum les problèmes auxquels son équipe était confrontée.
35	ted_1_60.wav	En 1905, il a accompli, dans un minuscule navire de pêche, ce que la puissante marine britannique avait échoué à faire au cours des huit décennies précédentes, à savoir trouver et naviguer le passage du Nord-Ouest situé au-dessus du continent canadien.
36	ted_1_61.wav	Si Shackleton est le nageur qui se jette imprudemment dans l'eau sans comprendre les courants ou ses propres capacités, Amundsen est le nageur qui a passé toute une vie étudie humblement la rivière avant d'y entrer au bon endroit au bon moment, et rend ainsi les choses faciles.
37	ted_1_62.wav	Maintenant, la fallacie de l'action cause de réels problèmes, et pas seulement pour notre interprétation du passé.
38	ted_1_63.wav	Je suis arrivé à cela à travers mon travail en tant qu'historien intéressé par la raison pour laquelle nous célébrons certains dirigeants du passé, mais pas d'autres.
39	ted_1_64.wav	Mais c'est une fonctionnalité dangereuse dans nos bureaux aujourd'hui également, car, après tout, les mêmes biais et idées fausses que nous apportons à notre lecture du passé sont exactement les mêmes avec lesquels nous percevons le leadership dans nos bureaux aujourd'hui.
40	ted_1_65.wav	Ce sont les Shackleton de nos bureaux, plutôt que les Amundsen, qui servent de modèles, qui sont promus et qui sont récompensés.
41	ted_1_66.wav	En fait, c'est quelque chose que des études en psychologie organisationnelle ont confirmé.
42	ted_1_67.wav	Nous percevons un potentiel de leadership chez les personnes qui parlent davantage, peu importe ce qu'ils disent.
43	ted_1_68.wav	Chez les personnes qui semblent confiantes, peu importe leur niveau de compétence.
44	ted_1_69.wav	Et nous avons une admiration indéfectible pour les personnes qui sont constamment occupées, peu importe ce qu'elles sont réellement en train de faire.
45	ted_1_70.wav	Je vois que certains d'entre vous sont en train d'imaginer des personnes spécifiques dans votre bureau en ce moment.
46	ted_1_72.wav	En d'autres termes, paraître être un bon leader, plutôt que d'en être vraiment un en coulisses, est le chemin vers la célébrité, les bonus et la promotion aujourd'hui.
47	ted_1_74.wav	Avec les mauvais dirigeants aux commandes, les organisations ne sont évidemment pas à leur plein potentiel.
48	ted_1_75.wav	Et cela crée une culture toxique dans laquelle ceux qui font réellement du bon travail se sentent ignorés et démotivés.
49	ted_1_76.wav	Alors, c'est un problème que nous devons résoudre.
50	ted_1_78.wav	Et cela commence par réimaginer à quoi ressemble un bon leadership.
51	ted_1_80.wav	Tout d'abord, nous devons apprendre à ignorer ce que l'on peut appeler les capitaines de crise, les Shackletons, ceux qui passent d'une circonstance dramatique à une autre.
52	ted_1_81.wav	Keith Grint, l'éminent chercheur en leadership aujourd'hui, résume brillamment cette dynamique problématique.
53	ted_1_82.wav	Puisque nous récompensons les personnes qui sont bonnes en temps de crise et ignorons celles qui sont de si bons gestionnaires qu'il y a peu de crises, les gens apprennent vite à rechercher ou à présenter des situations comme des crises.
54	ted_1_83.wav	Nous devons décourager ce style de leadership en refusant de donner l'attention qu'ils désirent à ces personnes.
55	ted_1_84.wav	Et c'est facile quand on est confronté aux faits sobres.
56	ted_1_86.wav	Mais dès qu'il est intégré dans une histoire, les détails dramatiques nous attirent comme un aimant et nous donnent un faux sentiment d'inspiration.
57	ted_1_88.wav	Au lieu de cela, nous devons apprendre à célébrer ceux qui atténuent plutôt que promouvoir le drame.
58	ted_1_89.wav	Et cela peut être difficile car ils le font souvent de manière très subtile, sous la surface de l'eau, dans le cas de notre nageur.
59	ted_1_91.wav	Ils construisent des processus qui alignent la force de l'organisation avec les défis uniques auxquels ils font face.
60	ted_1_92.wav	Et ils sont authentiques et créent des cultures qui font ressortir le meilleur chez les gens.
61	ted_1_93.wav	Je ne veux pas vous donner trop de termes techniques et académiques ici, mais celui-ci est important.
62	ted_1_95.wav	Mais comme elle nous le dit à partir de ses recherches, les preuves sont claires : la gestion ennuyeuse est importante.
63	ted_1_96.wav	Cela peut ne pas être aussi excitant que de diriger une charge de cavalerie en première ligne ou de donner un discours de motivation audacieux, mais c'est le véritable kit des bons leaders.
64	ted_1_98.wav	La fallacie de L'action nous trompe en célébrant les mauvais leaders, et cela entraîne des coûts énormes.
65	ted_1_101.wav	Et cela commence par réimaginer à quoi ressemble un bon leadership.
66	ted_1_102.wav	Donc, la prochaine fois que vous serez en position de juger ou récompenser un leader, ou peut-être simplement la prochaine fois que vous essayerez de comprendre qui a réellement guidé votre équipe ou votre organisation vers le succès, résistez à la tentation d'être ébloui par des récits d'aventure et de bravoure, et prenez un moment pour regarder sous la surface ou dans les coins plus discrets de votre équipe.
67	ted_1_103.wav	Et c'est important car la prochaine fois que votre organisation sera confrontée à l'équivalent d'un bloc de glace en approche à l'horizon, qui voulez-vous voir aux commandes ?
68	ted_1_104.wav	Le chef qui réagit au gel du navire en actionnant frénétiquement le moteur, en déballant les caisses de dynamite et en poussant ses hommes à bout ?
69	ted_1_105.wav	Ou le chef qui évite de se retrouver pris dans la glace en premier lieu ?
70	ted_2_1.wav	J'ai voté pour Mitt Romney en 2012, et j'ai voté pour Hillary Clinton et Joe Biden, ce qui est choquant, je le sais.
71	ted_2_2.wav	Je suis un fervent défenseur d'Israël, même si je critique son gouvernement actuel.
72	ted_2_3.wav	Je pense que les terroristes comme le Hamas et le Hezbollah sont malveillants, et il y a une ligne claire entre les groupes qui visent à tuer des innocents et ceux qui essaient d'éviter de le faire à tout prix.
73	ted_2_4.wav	Je pense que les filles en Afghanistan ne devraient pas être vendues dans des mariages forcés et que les femmes en Iran devraient être libres de montrer leurs cheveux en public sans craindre l'emprisonnement ou pire, et que les femmes en Somalie ne devraient pas subir de mutilation génitale.
74	ted_2_5.wav	Je crois que toutes les personnes sont créées égales et à l'image de Dieu, mais que toutes les cultures ne sont pas égales.
75	ted_2_6.wav	Je crois au mariage gay, à tel point que j'en fais moi-même partie.
76	ted_2_7.wav	Je crois que les adultes devraient pouvoir prendre pratiquement toutes les décisions qu'ils veulent concernant leur corps, mais pas les enfants.
77	ted_2_8.wav	Je pense que le SAT est un outil imparfait mais utile.
78	ted_2_9.wav	Je crois que avoir des enfants est une très mauvaise idée, et que vivre dans un quartier sûr est parmi les formes de privilège les plus véridiques.
79	ted_2_10.wav	Je pense que le COVID est probablement sorti d'un laboratoire, et qu'en y réfléchissant, le fait d'avoir privé les enfants d'école pendant deux ans était une grosse erreur.
80	ted_2_11.wav	Je pense que nous devrions embaucher des personnes en fonction de leurs mérites, mais en lançant le filet le plus large possible.
81	ted_2_12.wav	Je ne veux ni manger des insectes, ni boire de l'eau remplie de microplastiques, et je ne pense pas qu'il y ait quelque chose de codé à droite ou à gauche à propos de ces choses-là.
82	ted_2_13.wav	Je crois que l'égalité des chances et non l'égalité des résultats est la vraie mesure de l'équité.
83	ted_2_14.wav	Je suis répugné par les idéologies qui insistent sur le fait que nos caractéristiques immuables sont plus importantes que notre caractère.
84	ted_2_19.wav	Je crois, en partie parce que les Américains sont libres de débattre de ces imperfections et de chercher une union plus parfaite, que c'est vraiment le dernier meilleur espoir sur terre.
85	ted_2_20.wav	Le point dans tout ça, c'est que je suis vraiment ennuyeux, ou du moins je pensais l'être.
86	ted_2_21.wav	Je suis, ou du moins jusqu'à il y a quelques secondes dans le temps historique, j'étais considéré comme un libéral standard.
87	ted_2_22.wav	Et pourtant, d'une manière ou d'une autre, dans nos espaces les plus intellectuels et prestigieux, bon nombre des idées que je viens de mentionner et d'autres similaires sont devenues provocantes ou controversées, ce qui est vraiment une manière polie de dire indésirables, inacceptables, voire bigot ou raciste.
88	ted_2_23.wav	Et comment cela s'est-il produit, du moins il me semble, en l'espace de quelques années à peine ?
89	ted_2_24.wav	Maintenant, la réponse pratique, bien sûr, est le pouvoir des activistes extrêmes, des personnes qui incendient des commerces et des postes de police, des personnes qui bloquent les ponts et autoroutes, des personnes qui harcèlent leurs camarades étudiants et interrompent leurs professeurs, des personnes qui vandalisent, qui profanent ou détruisent les monuments des héros nationaux.
90	ted_2_25.wav	Mais est-ce qu'une poignée de militants extrémistes ont vraiment le pouvoir de démanteler les garde-fous moraux de toute une société, de changer radicalement ce qui est politiquement et socialement acceptable?
91	ted_2_27.wav	Il y a toujours eu et il y aura toujours une frange.
92	ted_2_28.wav	La différence en ce moment est que c'est la frange qui semble dicter les règles.
93	ted_2_31.wav	Peut-être pour donner la lecture la plus généreuse, c'est parce que les personnes qui ferment les choses prétendent le faire au nom de la justice, et non au nom du nihilisme.
94	ted_2_33.wav	Ou peut-être est-ce parce que nous nous sommes dit que ce ne sont que quelques noix, je n'ai pas besoin de m'impliquer.
95	ted_2_34.wav	Peut-être est-ce parce que les gens ont regardé leur portefeuille et ont décidé qu'ils se portaient bien selon les chiffres et que ces portes torchères, eh bien, ils avaient probablement une assurance de toute façon.
96	ted_2_38.wav	Ou peut-être était-ce parce que nous pensions qu'ils avaient raison.
97	ted_2_39.wav	Cette Amérique et cet Occident étaient vraiment coupables de toutes les choses terribles dont ils parlaient, ou du moins de certaines d'entre elles.
98	ted_2_40.wav	Et même si nous n'aurions pas abattu des statues ni crié sur les orateurs, nous manquions de la conviction ou des idées pour empêcher les personnes de le faire.
99	ted_2_41.wav	Mais peut-être qu'à la fin, nous avons privilégié le confort plutôt que la complexité.
100	ted_2_42.wav	J'allais dire que je préférais le confort au détriment de la vérité, mais en fait, la vérité n'est pas quelque chose que l'on arrache du sol comme de l'or ou des diamants.
101	ted_2_43.wav	C'est pourquoi actuellement, il semble que les absolutistes gagnent.
102	ted_2_44.wav	Ma théorie est que la raison pour laquelle nous avons une culture en crise est due à la lâcheté des personnes qui savent mieux.
103	ted_2_50.wav	Cela vous expose comme quelqu'un qui n'est pas détendu, comme quelqu'un qui se soucie beaucoup, comme quelqu'un qui porte des jugements, comme quelqu'un qui discerne entre le bien et le mal, entre le meilleur et le pire.
104	ted_2_51.wav	La raison pour laquelle Aristote a appelé le courage la première vertu est parce que c'est celle qui rend possible toutes les autres vertus.
105	ted_2_52.wav	Voulez-vous vivre dans un monde qui valorise la justice, la sagesse, la compassion, la curiosité, la rationalité, l'égalité et la recherche de la vérité ?
106	ted_2_54.wav	Mais lutter pour nous assurer de vivre dans un tel monde nécessitera du courage, cette première vertu.
107	ted_2_55.wav	Je pense qu'une des leçons de la décennie passée est que la lâcheté est peut-être plus contagieuse que le COVID.
108	ted_2_57.wav	Et un exemple singulier peut servir de puissant moyen de transmission.
109	ted_2_59.wav	Chacun de vous, quand je dis le mot courage, aura ceux qui vous viennent à l'esprit.
110	ted_2_60.wav	Mais pour moi, ce sont des gens comme Salman Rushdie, condamné à mort par les ayatollahs iraniens en 1989 pour le péché d'avoir écrit un roman.
111	ted_2_61.wav	Il a vécu sous l'ombre d'une fatwa jusqu'à il y a deux ans.
112	ted_2_62.wav	Sur une scène comme celle-ci, il a été poignardé de manière vicieuse. 
113	ted_2_64.wav	Et intrépide cette semaine, bien sûr, il a publié un livre à ce sujet.
114	ted_2_65.wav	Le courage pour moi, c'est quelqu'un comme le sénateur de Pennsylvanie John Fetterman, qui insiste sur le fait qu'il n'y a rien de contradictoire entre ses valeurs progressistes et sa croyance que le Hamas est un groupe de meurtriers qu'il faut vaincre.
115	ted_2_66.wav	Il suffit de dire que cela ne l'a pas rendu populaire, mais il ne semble pas s'en préoccuper.
116	ted_2_72.wav	Il a écrit, je ne pouvais pas croire que cela se passait dans un pays que j'aime tant.
117	ted_2_74.wav	Il a dit que la guérison du monde commence lorsque une personne dit à haute voix, de sorte que le monde entier puisse entendre, une chose importante et vraie qu'il sait qu'il n'est pas censé dire et qui sait lui attirera des ennuis pour l'avoir dite.
118	ted_2_75.wav	Je pense à Roland Fryer, l'économiste, qui a fait exactement cela.
119	ted_2_76.wav	Ses collègues de Harvard l'ont mis en garde contre la publication de ses recherches sur la violence policière.
120	ted_2_84.wav	Son bébé avait sept jours et il devait aller acheter des couches avec un garde armé.
121	ted_2_88.wav	Il a dit, chaque jour je dois me regarder dans le miroir et me demander, pourquoi suis-tu là ?
122	ted_2_89.wav	Masia Linajad sait pour quelle raison elle est sur terre.
123	ted_2_90.wav	Avec audace et courage, elle mène la campagne pour les droits des femmes en Iran.
124	ted_2_91.wav	Sa sœur a été forcée de la dénoncer à la télévision d'État.
125	ted_2_93.wav	Et maintenant Masi vit en exil en Amérique, mais reste une femme traquée, passant d'une maison sûre à une autre.
126	ted_2_95.wav	Jimmy avait plus que les moyens de fuir son pays.
127	ted_2_101.wav	Il est un jeune homme qui est encore en prison.
128	ted_2_103.wav	"""Papa restant à Hong Kong est vraiment la preuve que cette chose intangible que nous appelons liberté est quelque chose que les gens désirent ardemment."""
129	ted_2_104.wav	Vous pouvez l'appeler les valeurs occidentales, mais ce n'est pas vraiment le cas, dans le sens où ce n'est pas quelque chose que seuls les gens de l'Occident veulent ou méritent.
130	ted_2_105.wav	Alexeï Navalny n'est pas né en Occident, mais il aspirait à ce genre de liberté.
131	ted_2_106.wav	Le leader de l'opposition avait trouvé refuge en Allemagne, mais il est retourné en Russie de Poutine, sacrifiant sa liberté et finalement sa vie pour s'opposer à la tyrannie.
132	ted_2_107.wav	Il savait que sa mort révélerait la vérité sur un régime totalitaire construit sur des mensonges, ce qui peut, tant que nous gardons sa mémoire vivante.
133	ted_2_108.wav	Posez-vous dès maintenant la question : faut-il du courage en Occident pour dénoncer l'idéologie haineuse de la République islamique d'Iran, qui prononce la mort sur des écrivains individuels et sur des pays entiers, grands et petits ?
134	ted_2_109.wav	"Faut-il du courage pour s'opposer à ceux qui scandent ""mort à l'Amérique"" ?"
135	ted_2_111.wav	Faut-il avoir du courage pour dire que ceux qui louent les métros immaculés de la Russie ne sont pas des journalistes mais des propagandistes ?
136	ted_2_112.wav	Faut-il avoir du courage pour dire simplement en public, je suis en désaccord ?
137	ted_2_115.wav	Mais pourquoi est-ce que ses adversaires les plus en colère préfèrent lui donner des noms haineux et plaider en sa faveur?
138	ted_2_116.wav	Parce que la vraie question est de savoir si les personnes que j'ai mentionnées et celles qui leur ressemblent, que ce soit leurs photos, leurs noms, et surtout, leurs idées, vont se retrouver lors de conférences comme celle-ci.
139	ted_2_118.wav	J'ai eu assez de gens me confesser après les conférences ou dans les salles de rédaction ou sur les campus universitaires ou dans les entreprises ou les cafés, vraiment partout où je vais, qu'ils aimeraient pouvoir dire ce qu'ils croient.
140	ted_2_119.wav	Ils me disent avec une certaine mesure de honte qu'ils sont dans le placard de nos démocraties libérales.
141	ted_2_121.wav	Les peuples les plus libres de l'histoire du monde semblent avoir perdu l'appétit pour la liberté, ou peut-être est-ce vraiment la volonté de la défendre.
142	ted_2_122.wav	Et quand ils me disent cela, cela me fait penser à mon héros, Natan Sharansky, qui a passé une décennie dans le goulag soviétique avant de retrouver sa liberté.
143	ted_2_123.wav	Il est la personne la plus courageuse que j'aie jamais rencontrée de toute ma vie.
144	ted_2_124.wav	Et il y a quelques années, un après-midi à Jérusalem, je lui ai posé une question simple.
145	ted_2_125.wav	Natan, je lui ai demandé, est-il possible d'enseigner le courage ?
146	ted_2_126.wav	Et il sourit à sa manière espiègle et dit, non.
147	ted_2_127.wav	Tout ce que vous pouvez faire, c'est montrer aux gens à quel point il est bon de se sentir libre.
148	ted_2_139.wav	Mais ces problèmes sont tellement importants, et c'est une conversation tellement importante.
149	ted_2_140.wav	Je pense que je veux te demander quelque chose dans la quête d'un terrain d'entente ici.
150	ted_2_141.wav	Est-il possible qu'en plus du manque de courage, il se passe quelque chose d'autre de conséquent dans le cœur de nombreux membres de la majorité silencieuse?
151	ted_2_144.wav	Il s'agit souvent de débats opposant des groupes identitaires, et beaucoup d'entre nous n'aiment pas la tournure que prend la bataille, mais nous ressentons également profondément la douleur que beaucoup de ces groupes ont endurée, les injustices qu'ils ont subies.
152	ted_2_145.wav	Et si vous vous impliquez, cela peut si facilement être perçu comme si vous étiez contre ce groupe.
153	ted_2_146.wav	Et je suppose que je me demande simplement s'il y a un terrain d'entente à trouver en disant tous que l'identité compte vraiment.
154	ted_2_147.wav	Je veux dire, tu te soucies des injustices passées des gens en Amérique et de tous les différents groupes dont tu as parlé, mais il existe des choses en amont de l'identité qui comptent encore plus.
155	ted_2_152.wav	Tu sais, certaines personnes veulent dire que les idées sont la propriété d'un groupe et que toi, tu sais, mais non, non, tout notre TED est basé sur l'idée que les idées peuvent se propager de n'importe quel être humain à n'importe quel être humain.
156	ted_2_153.wav	Mais toute la question est, désolé d'interrompre, comment arrive-t-on à la vérité, n'est-ce pas?
157	ted_2_154.wav	Et l'Ouest nous a donné les outils les plus radicaux de l'histoire humaine.
158	ted_2_155.wav	Je pense que Sam Harris est probablement dans cette pièce et que je lui vole sa réplique.
159	ted_2_156.wav	Mais la différence radicale est que ici, dans des pièces comme celle-ci, dans des cultures comme celles dans lesquelles nous avons la chance de vivre, nous ne résolvons pas nos conflits par des coups et par la violence.
160	ted_2_158.wav	Et c'est pourquoi c'est tellement crucial, peu importe les personnes qui prétendent le contraire, et qui prônent vraiment de tout brûler ou tout détruire.
161	ted_2_159.wav	Non, en tout détruisant, en abattant l'État de droit, en nous empêchant de pouvoir avoir ce genre de débat et de discussion, vous empêchez le projet dans son ensemble.
162	ted_2_160.wav	Et cela n'a rien à voir avec l'identité, avec les revendications de victimisation, avec la victimisation réelle.
163	ted_2_161.wav	La manière dont le progrès a été réalisé est entièrement grâce aux groupes de victimes utilisant les outils fournis par les démocraties libérales.
164	ted_2_162.wav	Sans liberté, sans liberté d'expression, liberté de religion, sans l'état de droit, aucun des progrès que je sais que tant de personnes dans cette salle célèbrent ne serait possible du tout.
165	ted_2_163.wav	Et donc, il s'agit vraiment de s'accrocher aux outils plutôt que de les répudier.
166	ted_2_164.wav	Les outils de mots dans notre culture actuelle, qui est axée sur les messages courts, le rapide, sont si souvent perçus comme une agression.
167	ted_2_167.wav	Et je me demande simplement s'il pourrait y avoir une coalition des volontaires pour poursuivre ensemble les meilleures idées.
168	ted_2_168.wav	N'ayons pas peur de partager des choses difficiles les uns avec les autres, mais faisons-le dans un esprit d'amour et de respect afin que chacun sache qu'en fin de compte, il est respecté.
169	ted_2_170.wav	Je ne vois rien à contester, seulement que, tu sais, l'amour et la compassion et tout ça, encore une fois, c'est seulement possible si nous sommes d'accord sur un certain ensemble de règles que je pense beaucoup d'entre nous tenons pour acquises de la même manière que nous tenons l'oxygène ou la gravité pour acquis.
170	ted_2_171.wav	Et l'une des choses qui m'a motivé(e) et guidé(e) dans mes choix au cours des dernières années de ma vie est un profond sentiment que la frontière entre la civilisation et la barbarie, un mot qui peut-être provoquera certaines personnes, mais que je crois être une description précise, est très mince.
171	ted_2_172.wav	Les choses qui nous permettent de faire cela sont si exceptionnelles et elles doivent être défendues.
172	ted_2_173.wav	Et les gens qui prétendent que les mots sont violents privent l'outil le plus fondamental que nous avons pour toutes les vertus dont j'essayais de parler sur scène ce matin.
173	ted_3_0.wav	Je suis ici à cause d'une lettre que j'ai reçue il y a 13 ans.
174	ted_3_3.wav	C'est un rapport de test génétique prédictif, et c'est au cœur de ce genre de moment de choix entre la pilule rouge et la pilule bleue lorsque ma vie s'est divisée en deux.
175	ted_3_4.wav	Avant de vous en parler, je veux vous montrer deux moments de ma vie à cette époque-là.
176	ted_3_5.wav	Voici le premier moment, lorsque j'avais la vingtaine, et voici le premier moment, c'est août 2009.
177	ted_3_6.wav	Je vais épouser ce gars, Eric, l'amour de ma vie, et il se lève pour faire son discours, tenant mon journal intime datant de mes 13 ans.
178	ted_3_7.wav	Et il commence à lire, et les invités me regardent en se demandant, savait-elle qu'il allait faire cela ?
179	ted_3_10.wav	Vous pouvez voir comment elle rit, mais elle est un peu scandalisée.
180	ted_3_11.wav	Elle a 51 ans, et en ce jour, elle rayonne.
181	ted_3_12.wav	Je souhaite pouvoir rester ici avec toi, mais maintenant je dois te mener au moment numéro deux.
182	ted_3_13.wav	Il ne s'est écoulé que six mois, et soudainement il y a cette déchirure dans l'univers, et ma mère est aspirée à travers.
183	ted_3_14.wav	Quelque chose ne va vraiment, vraiment pas, et cela prend de l'ampleur, et c'est tout.
184	ted_3_20.wav	Je regarde dans ses yeux, et il y a ces trous noirs, et je la supplie de revenir, mais c'est comme si je criais dans le vide.
185	ted_3_21.wav	Cet été, elle entre à l'hôpital et elle n'en ressort pas.
186	ted_3_22.wav	Au moment de sa mort, cela fait des mois qu'elle n'était vraiment là.
187	ted_3_23.wav	La démence nous a privés de cela, et nous n'avons toujours aucune idée de ce qui s'est passé.
188	ted_3_24.wav	Et puis nous obtenons les résultats de l'autopsie de ma mère, et c'est là que nous atteignons le choix entre la pilule rouge et la pilule bleue.
189	ted_3_25.wav	Je me tiens à cette fourche de la route avec Eric, et parfois dans la vie, on se connaît soi-même.
190	ted_3_28.wav	Je suis formé en tant qu'avocat, il est formé en tant qu'ingénieur en transport.
191	ted_3_29.wav	Nous ne sommes pas des spécialistes en biologie, mais nous savons que ce purgatoire n'est pas une vie pour nous.
192	ted_3_30.wav	Je ne peux pas contrôler ce qui se passera ensuite, mais je peux contrôler si quelque chose se produira ensuite, et mon choix est oui.
193	ted_3_31.wav	Alors je me fais tester, et nous apprenons que j'ai la mutation.
194	ted_3_34.wav	On ne peut pas dire quand cela frappera, juste que ce sera à un moment de l'âge adulte, et une fois que cela arrivera, vous mourrez en quelques mois.
195	ted_3_36.wav	Il y a tellement de choses que je veux te dire sur ce qui se passe ensuite, mais l'essentiel à dire est que ce n'est pas comme si nous avions élaboré un plan magistral pour refaire nos vies du jour au lendemain.
196	ted_3_38.wav	Nous sommes dans le noir, et nous nous retrouvons à avancer vers la lumière, et de manière inattendue, la lumière vient de la science de la maladie à prions, comprenant ce qui est connu, que tout est connu.
197	ted_3_39.wav	Nous sommes attirés par cela, et cela semble vraiment humble au début, comme si nous lisions des pages Wikipédia et que nous faisions des recherches sur Google, et l'élan est puissant et étrange.
198	ted_3_40.wav	Et aujourd'hui, nous dirigeons ce laboratoire de 12 personnes à l'Institut Broad à Cambridge, dans le Massachusetts, dédié au développement d'une thérapie contre les maladies à prions de notre vivant.
199	ted_3_42.wav	En fin de compte, les rumeurs de ma mort ont été grandement exagérées.
200	ted_3_44.wav	Mais parlons de comment fonctionne la maladie à prions et de ce que nous devons faire à ce sujet.
201	ted_3_46.wav	L'agent pathogène causal n'est pas un virus, et ce n'est pas non plus une bactérie.
202	ted_3_47.wav	C'est cette protéine normale appelée PRP que vous avez normalement dans votre corps, et normalement ce n'est pas un problème.
203	ted_3_49.wav	Et quand il le fait, il change de forme, puis il va attraper d'autres copies de PRP, et il les corrompt.
204	ted_3_50.wav	Et cela se propage dans votre cerveau et tue vos neurones.
205	ted_3_51.wav	Jusqu'à récemment, c'était un processus que nous ne pouvions qu'inférer.
206	ted_3_55.wav	Quand vous regardez la biologie de cette maladie, de n'importe quelle maladie, où vont vos yeux ?
207	ted_3_58.wav	Et si nous réfléchissons à la façon de traiter cette maladie, nous pourrions envisager d'aller chercher ces méchants.
208	ted_3_61.wav	Mais Eric et moi avons fini par voir notre mission différemment.
209	ted_3_62.wav	Et si nous pouvions faire le plus de bien, non pas en poursuivant les gros pathogènes effrayants et en leur lançant des boules de feu, mais plutôt en faisant quelque chose de beaucoup plus discret, subtil et moins séduisant et moins conventionnel ?
210	ted_3_63.wav	Et si ce que nous devons vraiment faire, c'est cela ?
211	ted_3_64.wav	Nous avons de la chance d'avoir cette série d'indices de la nature qui indiquent que l'on peut mener une vie saine sans PRP.
212	ted_3_65.wav	Donc nous parcourons le globe à la recherche d'outils pour diminuer cela.
213	ted_3_66.wav	Et des idées brillantes sont un excellent point de départ, mais elles doivent également pouvoir être transformées en médicaments réels et pratiques, qui restent suffisamment longtemps dans le corps pour être efficaces, qui sont sûrs, manufacturables et très délicats pour le cerveau, en atteignant les cellules que nous devons cibler.
214	ted_3_68.wav	Mais je tiens juste à vous rassurer, car je vous vois tressaillir, voulant me demander, je vous promets que nous avons certainement déjà entendu parler de CRISPR.
215	ted_3_70.wav	Nous trouvons la molécule, puis nous la déployons pour épuiser le carburant avant l'incendie.
216	ted_3_74.wav	Là où nous avons des lettres du futur pour nous guider, là où ce qui est en jeu sont des cerveaux humains irremplaçables, nous devons viser plus haut.
217	ted_3_78.wav	Mais nous savons tous que si vous faites une crise cardiaque et que vous entrez aux urgences à ce moment-là et qu'ils vous donnent un statine, cela ne servira à rien.
218	ted_3_80.wav	Et certains d'entre nous n'ont pas le luxe de ne faire que ce qui est confortable.
219	ted_3_81.wav	Je vois ce paradoxe au cœur de notre mission.
220	ted_3_83.wav	Nous en savons tellement plus sur le cerveau et sur la manière de faire pénétrer les médicaments à l'intérieur que nous ne le faisions il y a même quelques années.
221	ted_3_86.wav	Mais nous avons assez de briques dans le mur pour pouvoir nous y tenir et atteindre une thérapie rationnelle.
222	ted_3_87.wav	Nous devons être les personnes à dire que le moment biotechnologique est mûr.
223	ted_3_89.wav	Et de la même manière, nous devons respecter l'immense univers de tout ce que nous ne savons pas sur le cerveau.
224	ted_3_90.wav	Nous devons écouter l'appel pour protéger ce que nous ne pouvons pas reconstruire.
225	ted_3_92.wav	Notre quête nécessite cette forme extrême des deux.
226	ted_3_94.wav	Il y a une décennie, si tu m'avais demandé, Sonya, quel est le Graal de ta quête ?
227	ted_3_95.wav	J'aurais dit, c'est cette molécule dont je t'ai parlé.
228	ted_3_97.wav	Mais et si trouver la molécule n'est pas le but ?
229	ted_3_99.wav	Il s'avère qu'il faut davantage pour tester de manière significative un nouveau médicament chez les humains, notamment pour les maladies rares et surtout pour la prévention.
230	ted_3_101.wav	Et si vous êtes nous, vous devez tout construire en parallèle, car vous courez contre une horloge que vous ne pouvez pas voir.
231	ted_3_105.wav	Il y aura la course au premier médicament et la course au meilleur médicament.
232	ted_3_106.wav	Nous sommes loin de la fin de cette quête, mais nous sommes loin du début.
233	ted_3_109.wav	Mais ce que nous avons, et oh la la, sommes-nous chanceux de l'avoir, c'est le danger.
234	ted_3_110.wav	Il y a encore plus à dire sur ce que c'est que de vivre avec le danger, mais pour autant que je sache, vous êtes tous humains, alors je pense que, d'une manière ou d'une autre, vous savez.
235	ted_3_111.wav	Récemment, j'ai dit à un ami que je me considère chanceux, et il a été très surpris.
236	ted_3_113.wav	Et mon esprit a été un peu soufflé, parce que c'est moi.
237	ted_3_114.wav	Il n'y a pas de version de ma vie où vous retirez la mutation et maintenez le reste constant.
238	ted_3_115.wav	D'une part, j'ai été malchanceux, et ne vous méprenez pas, je ne veux vraiment pas mourir jeune.
239	ted_3_116.wav	En même temps, cette mauvaise carte m'a lancé dans une quête avec une équipe.
240	ted_3_117.wav	Et la merveille de cette vie exacte est que je rencontre constamment les meilleurs côtés des gens, y compris des versions d'Eric et de moi-même que je n'aurais pas connues autrement.
241	ted_3_120.wav	Et pourtant, nous voilà tous, façonnant notre propre grâce à partir des matériaux bruts les plus étranges.
242	ted_3_121.wav	Ce n'est pas si mal d'être appelé à remarquer.
243	ted_3_122.wav	En parlant de grâce, je veux que vous rencontriez ces gars.
244	ted_3_127.wav	Ma mère n'a jamais eu l'occasion de rencontrer ces enfants, et elle aurait été une grand-mère lumineuse.
245	ted_3_128.wav	Mais si elle l'avait fait, nous n'aurions pas su à temps pour éviter de le transmettre.
246	ted_3_129.wav	Ainsi, quelque part entre la douleur d'avoir perdu quelqu'un si jeune, se trouve cette autre chose, ce don transgénérationnel.
247	ted_3_130.wav	Je marche aux côtés de ces enfants sur leur propre chemin, du mieux que je peux, et tu sais comment c'est avec les enfants.
248	ted_3_131.wav	Parfois, la forme de l'avenir demande à être envisagée.
249	ted_3_132.wav	Et peut-être, de façon grande ou petite, c'est un luxe que chacun d'entre nous n'a pas.
250	ted_3_133.wav	Que voudrait-il dire de faire tout cela de manière moins narrative ?
251	ted_3_134.wav	Et si nos vies, nos vies ensemble, étaient mieux vécues non pas comme de la prose, mais comme de la poésie ?
252	ted_3_135.wav	Je suis toujours en train de réfléchir à cette question, mais je suis content de l'avoir avec moi.
253	ted_3_140.wav	Voici une maladie rare, mais on dirait que certaines choses que vous apprenez pourraient être applicables à d'autres maladies.
254	ted_3_142.wav	Je le vois de toutes sortes de manières, et c'est comme ça que ça se passe avec la science, n'est-ce pas ?
255	ted_3_144.wav	Et, tu sais, la chose que je mettrais en avant, c'est que nous sommes ici, avec cette maladie qui est à certains égards très claire.
256	ted_3_145.wav	Vous développez des symptômes, puis vous décédez trois ou six mois plus tard.
257	ted_3_152.wav	Je pense que nous avons un solide argument pour dire que nous devons prévenir, et que nous avons les outils pour le faire.
258	ted_3_153.wav	Mais ce n'est pas la seule maladie pour laquelle c'est ce que nous devons faire.
259	ted_3_154.wav	Je pense simplement que nous sommes en position de mener la charge.
260	ted_3_155.wav	L'idée selon laquelle il existe d'autres protéines dans un corps qui pourraient être sujettes à une maladie, et que la meilleure chose à faire est de les éliminer et de trouver comment vivre sans elles plutôt que de prendre des risques, pourrait être appliquée dans d'autres circonstances.
261	ted_4_4.wav	La mort rôde dans les champs d'Ukraine et les rues de Gaza.
262	ted_4_6.wav	Et au Moyen-Orient, les tambours de la guerre résonnent de plus en plus fort chaque jour.
263	ted_4_15.wav	Eh bien, votre réponse à cette question dépend probablement de l'endroit où vous avez obtenu vos informations car voici quelques autres histoires des 12 derniers mois.
264	ted_4_16.wav	Quelques autres rapports de déclin dont vous n'avez peut-être pas entendu parler.
265	ted_4_17.wav	La déforestation dans l'ensemble du bassin amazonien a diminué de 55 pour cent.
266	ted_4_18.wav	Et le taux de criminalité violente aux États-Unis a diminué à son niveau le plus bas depuis les années 1960.
267	ted_4_19.wav	Au cours des 12 derniers mois, un nombre record de pays ont éliminé une maladie, notamment pour la première fois, l'hépatite C par l'Égypte et la fièvre noire par le Bangladesh.
268	ted_4_20.wav	Quand j'étais au lycée, c'était la maladie infectieuse la plus mortelle au monde.
269	ted_4_22.wav	Peut-être avez-vous ressenti du désespoir face au changement climatique ou à la peur du fascisme qui s'élève tel Dracula du cercueil des excès de ressources et de la décadence politique.
270	ted_4_23.wav	Mais l'année dernière, les émissions de carbone dans les économies avancées ont diminué pour revenir au même niveau qu'il y a 50 ans.
271	ted_4_25.wav	Et la pollution de l'air diminue désormais dans 21 des 25 plus grandes villes du monde.
272	ted_4_26.wav	Aux côtés de ces baisses, d'autres choses ont été en hausse.
273	ted_4_27.wav	Il y a 50 millions de filles de plus à l'école aujourd'hui que sous une décennie.
274	ted_4_28.wav	Et l'année dernière, 418 millions d'enfants dans le monde ont été nourris à l'école.
275	ted_4_31.wav	Depuis notre dernière réunion, des millions de personnes ont eu accès à l'eau.
276	ted_4_32.wav	Des dizaines de millions de personnes ont aujourd'hui accès à l'électricité.
277	ted_4_33.wav	Il semble que la Thaïlande et le Japon vont être les deux prochains sur cette liste.
278	ted_4_34.wav	Et au moins 10 pays au cours des 12 derniers mois ont adopté des lois élargissant les droits des femmes, dont la France, qui est récemment devenue le premier pays à inscrire les droits en matière de reproduction dans sa constitution.
279	ted_4_35.wav	En 2023, nous avons installé tellement d'éoliennes et de panneaux solaires que cela a changé la trajectoire de notre avenir climatique, avec les émissions de carbone de la Chine maintenant prévues pour commencer à diminuer dès cette année.
280	ted_4_36.wav	En 2024, nous allons installer une capacité de fabrication mondiale d'énergie solaire suffisante pour atteindre nos objectifs de zéro émission nette d'ici la fin de cette décennie.
281	ted_4_38.wav	Il y a trop d'élan maintenant pour arrêter la transition vers les énergies propres.
282	ted_4_43.wav	Saviez-vous que 2023 était sans doute la meilleure année de tous les temps pour la conservation ?
283	ted_4_44.wav	Nous avons protégé de vastes étendues de terre en Alaska, en Amazonie, en Afrique australe et sur l'ensemble du plateau tibétain, une région plus grande que toute l'Europe occidentale.
284	ted_4_45.wav	Au cours des 12 derniers mois, des centaines d'histoires de villes reverdies, de terres agricoles rewildées, de rivières nettoyées, d'îles restaurées ont été rapportées.
285	ted_4_46.wav	Et les populations de chacune de ces espèces récupèrent ou sont en hausse.
286	ted_4_47.wav	Regarde, je sais que beaucoup de choses ne se passent pas bien.
287	ted_4_48.wav	Vous savez que beaucoup de choses ne tournent pas rond.
288	ted_4_49.wav	Il ne s'agit pas d'une tentative étrange d'annuler ou d'équilibrer les mauvaises nouvelles.
289	ted_4_51.wav	Si nous voulons que davantage de personnes se consacrent à la tâche de faire des progrès, alors peut-être devrions-nous dire à davantage de personnes qu'il est possible de faire des progrès.
290	ted_4_52.wav	Si vous êtes à mi-chemin de la montagne, vous ne vous contentez pas de regarder en haut et de dire, oh la la, ça a l'air si raide.
291	ted_4_53.wav	Vous regardez en arrière et vous vous rappelez jusqu'où nous sommes déjà arrivés.
292	ted_4_54.wav	Au cours des 12 derniers mois, malgré tous les défis, nous avons progressé un peu plus loin.
293	ted_4_56.wav	Au Nevada, ils utilisent des techniques géothermiques pour exploiter l'énergie propre de notre planète.
294	ted_4_57.wav	À la frontière de la Belgique et de la France, ils utilisent des bactéries pour décomposer le plastique.
295	ted_4_59.wav	Et dans l'espace, de nouveaux satellites signifient que les pollueurs n'ont plus nulle part où se cacher.
296	ted_4_60.wav	Nous pouvons réaliser des miracles, en permettant à des personnes paralysées de marcher en lisant leurs ondes cérébrales et en envoyant les signaux à leur moelle épinière.
297	ted_4_61.wav	Nous avons cartographié un quart de tout le plancher océanique et la nouvelle puce Blackwell de NVIDIA contient autant de transistors qu'il y a d'étoiles dans toute la Voie lactée.
298	ted_4_62.wav	L'année dernière, nous avons commencé à utiliser l'édition génétique CRISPR pour traiter des maladies comme la bêta-thalassémie et la drépanocytose.
299	ted_4_63.wav	Et nous avons créé le plus grand atlas jamais réalisé des cellules du cerveau humain.
300	ted_4_64.wav	Il y a deux ans, j'ai failli perdre ma vie à cause d'une infection bactérienne.
301	ted_4_66.wav	A l'avenir, beaucoup plus de gens pourront dire la même chose.
302	ted_4_67.wav	Nos instruments scientifiques sont maintenant assez sensibles pour voir des plantes se parler et pour détecter les ondes gravitationnelles issues des collisions entre trous noirs supermassifs.
303	ted_4_68.wav	Tout à coup, nous savons que nous fredonnons en harmonie avec l'ensemble de l'univers, que chacun de nous contient la signature de tout ce qui a jamais existé.
304	ted_4_71.wav	Tous les niveaux croissants ne résultent pas forcément en une perte, et parfois il y a vraiment de nouvelles choses sous le soleil.
305	ted_4_72.wav	Voici les histoires des courageux et des brillants, et ils méritent également notre attention.
306	ted_5_0.wav	Tu sais, je suis l'un de ces adultes qui adorent toujours jouer avec des LEGO.
307	ted_5_1.wav	J'ai adoré ces souvenirs de Berlin des années 80 quand j'ai grandi, et je les aime toujours.
308	ted_5_2.wav	Et ces jours-ci, je construis des LEGO avec mes enfants les samedis après-midi.
309	ted_5_3.wav	Et la raison pour laquelle mon amour pour LEGO est resté intact est tout simplement que LEGO est un système permettant de réaliser la créativité avec presque aucune barrière à l'entrée.
310	ted_5_4.wav	Maintenant, je ne suis pas seulement un père LEGO, je suis aussi le PDG de GitHub.
311	ted_5_5.wav	Et si vous ne connaissez pas GitHub, vous pouvez le considérer comme le domicile de la programmation.
312	ted_5_6.wav	C'est là que tous les développeurs de logiciels, les nerds en chef de notre société, collaborent ensemble.
313	ted_5_7.wav	Et c'est partie de notre mission de rendre aussi facile que possible pour chaque développeur de concrétiser des idées petites et grandes avec du code.
314	ted_5_8.wav	Mais contrairement aux LEGO, le processus de création de logiciels semble intimidant pour la plupart des gens.
315	ted_5_9.wav	Tout a commencé à changer lorsque ChatGPT est arrivé fin 2022.
316	ted_5_10.wav	Maintenant, nous vivons dans un monde où les machines intelligentes nous comprennent autant que nous les comprenons.
317	ted_5_12.wav	Et ceci va changer à jamais la façon dont nous créons des logiciels.
318	ted_5_13.wav	Jusqu'à présent, pour créer des logiciels, vous deviez être un développeur de logiciels professionnel.
319	ted_5_14.wav	Vous deviez comprendre, parler et interpréter le langage hautement complexe, parfois absurde, d'une machine que nous appelons code.
320	ted_5_17.wav	Cela, du début des années 1940, est le premier langage de programmation informatique au monde appelé PlanKalkül.
321	ted_5_18.wav	Cela a posé les bases du code moderne que nous utilisons aujourd'hui.
322	ted_5_20.wav	Avance rapide d'environ 20 ans vers le langage de programmation appelé COBOL.
323	ted_5_21.wav	COBOL a été inventé pendant les années Eisenhower, mais il reste un langage important pour bon nombre de nos plus grandes institutions financières.
324	ted_5_22.wav	Wall Street, votre compte d'épargne, vos cartes de crédit, tout cela fonctionne aujourd'hui grâce à cela.
325	ted_5_23.wav	Nous voyons ici quelques mots familiers, mais structurellement, je ne pense pas que cela ait beaucoup de sens pour la plupart d'entre vous.
326	ted_5_24.wav	Avance rapide de 30 ans en 1991, et nous avons vu la naissance de Python, l'un des langages de programmation les plus populaires dans cette ère de l'IA.
327	ted_5_25.wav	En 80 ans, nous sommes passés de bulles à parenthèses à des bribes d'anglais, et pourtant, nous ne sommes pas du tout arrivés aussi près de l'intuitivité du langage humain.
328	ted_5_29.wav	Nous avons introduit des exercices de programmation aléatoires dans ce modèle brut, et comme par magie, il en a résolu 93 pour cent lors des premières tentatives.
329	ted_5_30.wav	Nous, chez GitHub, avons reconnu que nous avions quelque chose d'exceptionnel entre les mains, et nous avons rapidement développé un nouvel outil pour les développeurs appelé GitHub Copilot, un assistant IA qui prédit et complète le code pour les développeurs de logiciels.
330	ted_5_31.wav	Le Copilot est désormais l'outil de développement d'IA le plus adopté sur la planète.
331	ted_5_32.wav	L'ère de la programmation a été réinventée, mais les possibilités de la percée ont été plus loin que simplement ces résultats commerciaux, car les grands modèles linguistiques qui alimentent ChatGPT et Copilot sont formés sur une vaste bibliothèque d'informations humaines.
332	ted_5_33.wav	Ils comprennent et interprètent presque toutes les langues humaines, chaque langue humaine majeure.
333	ted_5_35.wav	Nous avons créé une nouvelle fusion entre le langage humain et celui d'une machine.
334	ted_5_36.wav	Avec Copilot, toute personne peut désormais créer des logiciels dans n'importe quelle langue humaine avec une seule instruction écrite.
335	ted_5_37.wav	Voici la percée la plus profonde dans la technologie depuis la genèse du développement de logiciels lui-même.
336	ted_5_39.wav	Je pense que ce chiffre est sur le point d'exploser, et je veux vous montrer pourquoi ici sur mon MacBook.
337	ted_5_40.wav	Nous avons tout commencé avec le Copilot original, ou comme nous disons le Copilot OG, et il a vraiment juste prédit et complété le code dans l'éditeur.
338	ted_5_41.wav	Vous pouvez considérer l'éditeur comme, vous savez, le Google Docs pour les développeurs, et lorsque vous avez un document ouvert, vous savez comment c'est, une page vide, qu'est-ce que je veux réellement faire?
339	ted_5_42.wav	Et j'ai mentionné Lego, alors construisons une brique Lego en 3D sur une page web.
340	ted_5_43.wav	Alors ce que font les développeurs, tu sais, c'est qu'ils commencent à taper, et donc je tape dans un fichier JavaScript, je crée une fonction pour créer une brique Lego.
341	ted_5_47.wav	Donc maintenant je peux simplement appuyer sur la touche Tab et appuyer sur Entrée, et j'obtiens une autre suggestion, tu sais, pour créer une tour en Lego.
342	ted_5_50.wav	Et ici encore, vous voyez un texte fantôme de Copilot immédiatement disponible pour moi.
343	ted_5_51.wav	Et si j'aime ce que je vois ici, alors je me mets un peu plus en mode d'écriture et de compréhension, je peux juste accepter cela.
344	ted_5_53.wav	Parce qu'au lieu d'écrire dix lignes de code elles-mêmes ou de les copier-coller depuis Internet, elles les obtiennent directement dans l'éditeur.
345	ted_5_55.wav	Maintenant, ce que le Copilote OG ne m'a pas offert, c'est un moyen d'interagir avec cela.
346	ted_5_57.wav	Je ne peux pas, tu sais, lui donner des instructions pour faire des choses différentes.
347	ted_5_58.wav	L'année dernière, nous avons lancé une nouvelle fonctionnalité, Copilot Chat, et vous pouvez la percevoir comme un chat GPT dans votre éditeur.
348	ted_5_59.wav	Donc je peux ouvrir ceci dans la barre latérale, et maintenant je lui demande de créer une page web entière avec une brique Lego en 3D pour moi.
349	ted_5_60.wav	Maintenant, tu sais, similaire au chat GPT, il diffuse la réponse et il ne me donne pas seulement du code, mais il me donne en réalité une explication.
350	ted_5_62.wav	Vous pouvez voir les commentaires qui expliquent ce que fait ce code.
351	ted_5_63.wav	Il utilise une bibliothèque open source appelée 3JS, et ainsi, vous pouvez voir ici l'idée d'autonomiser les développeurs et les personnes désireuses d'apprendre le développement.
352	ted_5_65.wav	Maintenant je peux aller ici, examiner ce code, et je peux en fait appuyer sur ce bouton pour le copier dans mon fichier.
353	ted_5_66.wav	Mais je veux vous montrer quelque chose d'autre ici, et vous avez peut-être déjà vu cette petite icône de micro.
354	ted_5_67.wav	Ainsi, je peux l'utiliser pour parler à Copilot, et je veux lui demander en allemand ce que fait ce code qui se trouve sur le côté gauche dans l'éditeur.
355	ted_5_68.wav	Et maintenant, tu sais, Copilot répond de nouveau, mais il me répond en allemand, n'est-ce pas ?
356	ted_5_69.wav	Donc, cela dit, si je traduis de façon approximative, oui, bien sûr, ce code JavaScript définit une fonction nommée drawLegoBrick.
357	ted_5_72.wav	Maintenant, ce que vous voyez aussi, c'est que vous devez toujours un peu comprendre comment vous allez assembler tout ça, n'est-ce pas ?
358	ted_5_74.wav	J'ai du code sur lequel je dois itérer sur ma machine.
359	ted_5_75.wav	Je dois trouver comment déployer ceci sur le cloud pour pouvoir le partager avec mes amis.
360	ted_5_77.wav	Voici à quoi cela ressemble si j'ai effectué toutes ces étapes en tant que développeur.
361	ted_5_78.wav	Vous pouvez voir, vous savez, c'est une brique qui tourne joliment.
362	ted_5_79.wav	Je peux en fait utiliser ma souris pour le tourner.
363	ted_5_81.wav	Vous pouvez même zoomer sur ceci et zoomer à l'extérieur de ceci.
364	ted_5_82.wav	Maintenant, je ne veux plus m'occuper de toutes ces tâches de développeur.
365	ted_5_83.wav	Je veux juste canaliser ma créativité directement dans la réalité.
366	ted_5_84.wav	Et donc pour la première fois sur scène, je vais vous présenter un nouveau produit que nous appelons Copilot Workspace qui fait exactement cela.
367	ted_5_85.wav	Voici mon espace de travail, et vous pouvez déjà voir qu'il n'y a plus d'éditeur.
368	ted_5_86.wav	Je peux simplement voir une tâche, et je peux entrer une tâche.
369	ted_5_88.wav	Je veux maintenant agrandir la brique Lego en une maison Lego, empiler les briques en forme de maison Lego.
370	ted_5_89.wav	Et je peux aussi le faire en allemand et dans d'autres langues, mais pour l'instant, restons en anglais.
371	ted_5_90.wav	Je peux enregistrer ma tâche, et maintenant ce qui se passe c'est que l'espace de travail Copilot analyse ce que j'ai déjà et ensuite décrit ce qu'il me propose.
372	ted_5_91.wav	En gros, cela reformule ma demande en un plan ou une spécification.
373	ted_5_92.wav	Et donc, vous pouvez voir ici, vous savez, tout est en langage naturel.
374	ted_5_93.wav	Il utilise certains noms de fichiers, bien sûr, mais il n'y a pas de code ici.
375	ted_5_94.wav	Tout est décrit en anglais, et je peux en fait y accéder pour éditer et apporter des modifications à cette ligne, ou alors je peux descendre ici et ajouter un autre élément si je pense que le plan n'est pas exactement ce que je veux.
376	ted_5_95.wav	Je peux aller plus loin et générer un plan, et maintenant un agent parcourt tous mes fichiers que j'ai déjà et détermine comment j'ai besoin de modifier ces fichiers ou, vous savez, si j'ai besoin d'ajouter des fichiers à mon référentiel.
377	ted_5_96.wav	Donc, tu sais, il veut ajouter une fonction createLegoHouse et appeler ensuite la fonction createLegoHouse.
378	ted_5_98.wav	Et maintenant, Copilot utilise ma tâche, ma spécification, mon plan pour écrire du code pour moi.
379	ted_5_102.wav	Maintenant je vois ici cela, et maintenant il importe une nouvelle ligne dans mon fichier et a écrit, tu sais, beaucoup de code ici qui effectue ces changements.
380	ted_5_105.wav	Alors voici un bouton qui me permet d'ouvrir un aperçu en direct, donc je peux faire cela, et maintenant les briques tombent du ciel et j'ai une maison Lego. 
381	ted_5_110.wav	C'est tout en direct.
382	ted_5_114.wav	Merci, Copilote.
383	ted_5_116.wav	Maintenant, ce que vous venez de voir, ce sont trois avancées en trois ans, trois avancées qui représentent plus de progrès dans l'accessibilité à la programmation informatique que ce que nous avons réalisé au cours des 100 dernières années.
384	ted_5_117.wav	Maintenant, vous pouvez voir comment cela va changer.
385	ted_5_118.wav	Parce qu'à l'avenir, chaque personne, peu importe la langue qu'elle parle, aura également le pouvoir de parler à la machine.
386	ted_5_119.wav	Toute langue humaine est désormais la seule compétence dont vous avez besoin pour commencer la programmation informatique.
387	ted_5_120.wav	Cela entraînera une montée en puissance mondialisée des développeurs de logiciels, et cela remodelera la géographie de notre économie mondiale.
388	ted_5_121.wav	Et pour cette raison, je pense qu'en 2030, voire même plus tôt, nous aurons plus d'1 milliard de développeurs de logiciels sur GitHub.
389	ted_5_122.wav	Cela va générer une nouvelle renaissance de la créativité humaine avec le logiciel.
390	ted_5_125.wav	Maintenant je sais à quoi tu penses.
391	ted_5_126.wav	Quel sacré nerd, n'est-ce pas ?
392	ted_5_127.wav	Et ouais, c'est vrai, j'adore construire des trucs comme ça.
393	ted_5_129.wav	Et bientôt, cela sera vrai pour tout le monde ici.
394	ted_5_130.wav	Les vannes de la dent de nerd ont été grandes ouvertes.
395	ted_5_131.wav	Maintenant, cela ne signifie pas que tout le monde deviendra un développeur de logiciels professionnel, ou même qu'ils devraient le devenir.
396	ted_5_132.wav	La profession d'un développeur de logiciels professionnel ne va nulle part.
397	ted_5_133.wav	Il y aura toujours une demande pour ceux qui conçoivent et maintiennent les plus grands systèmes logiciels au monde.
398	ted_5_134.wav	Nous ajoutons des millions de lignes de code chaque jour à des systèmes de plus en plus complexes, et nous avons du mal à suivre la maintenance de ceux déjà en place.
399	ted_5_135.wav	Comme toute infrastructure dans ce monde, nous avons besoin de vrais experts pour la préserver et la renouveler.
400	ted_5_136.wav	Le point ici n'est ni une volonté ni un devoir.
401	ted_5_138.wav	Et très bientôt, créer des logiciels sera aussi simple et agréable que d'empiler des Lego.
402	ted_5_140.wav	Mon Dieu, je dois dire, un milliard de développeurs rendent GitHub plus semblable à YouTube et TikTok qu'il ne l'est aujourd'hui.
403	ted_5_143.wav	Incroyable discours.
404	ted_5_144.wav	Vous avez dit que le développeur est toujours en charge.
405	ted_5_145.wav	Vous avez également dit que nous avons eu trois bonds en trois ans.
406	ted_5_146.wav	En avançant un peu, pensez-vous que les humains devront toujours être impliqués, ou est-ce que ces systèmes d'IA pourront automatiquement construire et entretenir des logiciels ?
407	ted_5_148.wav	Nous avons besoin d'un pilote qui soit créatif, qui puisse décider de ce qu'il faut faire.
408	ted_5_155.wav	Ce sont des systèmes très différents.
409	ted_5_157.wav	Aujourd'hui, ce sont quelques lignes de code, peut-être un fichier entier.
410	ted_5_158.wav	À l'avenir, cela pourrait être tout un sous-système.
411	ted_5_162.wav	Nous avons beaucoup de travail à faire.
412	ted_6_6.wav	Il n'y avait pas un seul œil à trouver dans ces eaux anciennes.
413	ted_6_9.wav	Il fut un temps où l'idée même de voir n'existait pas.
414	ted_6_12.wav	Alors, pour des raisons que nous commençons seulement à comprendre, les trilobites, les premiers organismes capables de détecter la lumière, ont émergé.
415	ted_6_13.wav	Ce sont les premiers habitants de cette réalité que nous tenons pour acquise.
416	ted_6_14.wav	Le premier à découvrir qu'il y a autre chose que soi, un monde de nombreux moi.
417	ted_6_15.wav	La capacité de voir est considérée comme ayant déclenché l'explosion cambrienne, une période durant laquelle une grande variété d'espèces animales ont fait leur entrée dans les archives fossiles.
418	ted_6_16.wav	Ce qui a commencé comme une expérience passive, le simple fait de laisser entrer la lumière, est rapidement devenu beaucoup plus actif.
419	ted_6_20.wav	La compréhension a entraîné des actions, et tout cela donne naissance à l'intelligence.
420	ted_6_21.wav	Aujourd'hui, nous ne sommes plus satisfaits seulement du don de l'intelligence visuelle de la nature.
421	ted_6_22.wav	La curiosité nous pousse à créer des machines pour voir aussi intelligemment que possible, voire mieux.
422	ted_6_23.wav	Il y a neuf ans, sur cette scène, j'ai présenté un premier rapport d'avancement sur la vision par ordinateur, un sous-domaine de l'intelligence artificielle.
423	ted_6_25.wav	Une famille d'algorithmes appelée réseau neuronal, un matériel spécialisé rapide appelé unités de traitement graphique, ou GPUs, et des données volumineuses, comme les 15 millions d'images que mon laboratoire a passé des années à collecter, appelé ImageNet.
424	ted_6_28.wav	À l'époque, simplement apposer des étiquettes sur des images était une grande avancée.
425	ted_6_29.wav	Mais la vitesse et la précision de ces algorithmes viennent de s'améliorer rapidement.
426	ted_6_30.wav	Le défi annuel ImageNet mené par mon laboratoire a mesuré les performances de ce progrès, et sur ce graphique, vous voyez l'amélioration annuelle et les modèles de jalons.
427	ted_6_31.wav	Nous sommes allés plus loin et avons créé des algorithmes capables de segmenter des objets ou de prédire les relations dynamiques entre eux dans ces travaux réalisés par mes étudiants et collaborateurs.
428	ted_6_33.wav	Rappelle-toi la dernière fois où je t'ai montré le premier algorithme de vision par ordinateur qui peut décrire une photo dans un langage naturel humain.
429	ted_6_34.wav	C'était un travail fait avec mon brillant ancien étudiant, Andrej Kapathy.
430	ted_6_35.wav	"À ce moment-là, j'ai poussé ma chance et j'ai dit : ""Andréj, pouvons-nous faire en sorte que les ordinateurs fassent l'inverse ?"""
431	ted_6_36.wav	Eh bien, comme vous pouvez le voir dans ce récent message, l'impossible est devenu possible.
432	ted_6_37.wav	Beaucoup d'entre vous ont vu les résultats impressionnants récents de Sora par OpenAI.
433	ted_6_38.wav	Mais même sans le nombre énorme de GPU, mes étudiants et nos collaborateurs ont développé un modèle vidéo génératif appelé WALT des mois avant Sora.
434	ted_6_41.wav	Je veux dire, regardez l'oeil de ce chat et la façon dont il passe sous la vague sans jamais se mouiller.
435	ted_6_42.wav	Et s'il dépasse le prologue, nous apprendrons de ces erreurs et créerons un avenir que nous imaginons.
436	ted_6_43.wav	Et dans ce futur, nous voulons que l'IA fasse tout ce qu'elle peut pour nous ou pour nous aider.
437	ted_6_44.wav	Pendant des années, j'ai dit que prendre une photo n'est pas la même chose que voir et comprendre.
438	ted_6_48.wav	Lorsque nous agissons sur ce monde dans l'espace tridimensionnel et le temps, nous apprenons à voir et à faire mieux.
439	ted_6_49.wav	La nature a créé ce cycle vertueux de voir et de faire, alimenté par l'intelligence spatiale.
440	ted_6_50.wav	Pour vous illustrer ce que votre intelligence spatiale fait constamment, regardez cette photo.
441	ted_6_51.wav	Levez la main si vous avez envie de faire quelque chose.
442	ted_6_52.wav	En une fraction de seconde, votre cerveau a examiné la géométrie de ce verre, sa place dans l'espace 3D, sa relation avec la table, le chat et tout le reste, et vous pouvez prédire ce qui va se passer ensuite.
443	ted_6_53.wav	L'impulsion à agir est innée chez tous les êtres dotés d'intelligence spatiale, qui lie la perception à l'action.
444	ted_6_54.wav	Et si nous voulons faire progresser l'IA au-delà de ses capacités actuelles, nous voulons plus qu'une IA qui peut voir et parler.
445	ted_6_57.wav	Les récents progrès en matière d'intelligence spatiale consistent à apprendre aux ordinateurs à voir, apprendre, faire et apprendre à voir et à faire mieux.
446	ted_6_59.wav	Il a fallu des millions d'années à la nature pour développer l'intelligence spatiale, qui dépend de l'œil captant la lumière, projetant des images en 2D sur la rétine, et le cerveau traduisant ces données en informations en 3D.
447	ted_6_60.wav	Récemment seulement, un groupe de chercheurs de Google a réussi à développer un algorithme permettant de prendre un ensemble de photos et de les traduire dans l'espace 3D, comme les exemples que nous montrons ici.
448	ted_6_61.wav	Mon élève et nos collaborateurs ont fait un pas de plus et créé un algorithme qui prend une image en entrée et la transforme en forme 3D.
449	ted_6_63.wav	Rappelez-vous que nous avons parlé des programmes informatiques qui peuvent prendre une phrase humaine et la transformer en vidéos.
450	ted_6_64.wav	Un groupe de chercheurs de l'Université du Michigan a trouvé un moyen de traduire cette phrase en un agencement en 3D de la pièce, comme montré ici.
451	ted_6_65.wav	Et mes collègues de Stanford et leurs étudiants ont développé un algorithme qui prend une image et génère des espaces infiniment plausibles pour que les spectateurs les explorent.
452	ted_6_66.wav	Voici des prototypes de la première science émergente d'une future possibilité, dans laquelle la race humaine pourrait prendre notre monde entier et le traduire en formes numériques pour en modéliser la richesse et les nuances.
453	ted_6_67.wav	Ce que la nature a fait pour nous implicitement dans nos esprits individuels, la technologie de l'intelligence spatiale peut espérer le faire pour notre conscience collective.
454	ted_6_68.wav	Alors que le progrès de l'intelligence spatiale s'accélère, une nouvelle ère de ce cycle virtuel se déroule sous nos yeux.
455	ted_6_69.wav	Cet échange favorise l'apprentissage robotique, un élément clé pour tout système d'intelligence incarnée qui doit comprendre et interagir avec le monde en 3D.
456	ted_6_70.wav	Aujourd'hui, nous faisons de même avec les comportements et les actions pour entraîner les ordinateurs et les robots à agir dans le monde en 3D.
457	ted_6_71.wav	Mais au lieu de collecter des images statiques, nous développons des environnements de simulation alimentés par des modèles spatiaux en 3D afin que les ordinateurs aient une variété infinie de possibilités pour apprendre à agir.
458	ted_6_72.wav	Et vous ne voyez qu'un petit nombre d'exemples pour enseigner à nos robots dans un projet mené par mon laboratoire appelé Behavior.
459	ted_6_74.wav	En général, j'aimerais un peu plus pour mon sandwich, mais c'est un bon début.
460	ted_6_75.wav	Dans cet océan primordial de nos temps anciens, la capacité de voir et percevoir son environnement a déclenché l'explosion cambrienne des interactions avec d'autres formes de vie.
461	ted_6_77.wav	L'intelligence spatiale permet aux machines d'interagir non seulement entre elles, mais aussi avec les humains et avec des mondes en 3D, réels ou virtuels.
462	ted_6_78.wav	Et alors que ce futur prend forme, il aura un impact profond sur de nombreuses vies.
463	ted_6_80.wav	Au cours de la dernière décennie, mon laboratoire a été à l'avant-garde dans l'application de l'IA pour relever les défis qui affectent le résultat des patients et le burnout du personnel médical.
464	ted_6_81.wav	En collaboration avec nos collaborateurs de l'École de médecine de Stanford et des hôpitaux partenaires, nous testons des capteurs intelligents capables de détecter les cliniciens se rendant dans les chambres des patients sans se laver correctement les mains, de suivre les instruments chirurgicaux ou d'alerter les équipes de soins lorsqu'un patient est en danger physique, comme en cas de chute.
465	ted_6_82.wav	Nous considérons ces techniques comme une forme d'intelligence ambiante, comme des paires d'yeux supplémentaires qui font la différence.
466	ted_6_83.wav	Mais j'aimerais une aide plus interactive pour nos patients, cliniciens et soignants qui ont désespérément besoin d'un soutien supplémentaire.
467	ted_6_84.wav	Imaginez des robots autonomes transportant des fournitures médicales pendant que les soignants se concentrent sur nos patients, ou la réalité augmentée guidant les chirurgiens pour réaliser des opérations plus sûres, plus rapides et moins invasives.
468	ted_6_85.wav	Imaginez des patients souffrant de sévère paralysie contrôlant des robots par la pensée, oui, les ondes cérébrales, pour effectuer des tâches quotidiennes que vous et moi tenons pour acquises.
469	ted_6_86.wav	Vous apercevez un aperçu de ce futur dans cette étude pilote réalisée récemment dans mon laboratoire.
470	ted_6_87.wav	Cette étude, publiée il y a quelques années, a bouleversé un monde de ténèbres.
471	ted_6_88.wav	Cela a déclenché le processus évolutif le plus profond, le développement de l'intelligence dans le monde animal.
472	ted_6_89.wav	Les progrès époustouflants de l'IA au cours de la dernière décennie sont tout aussi stupéfiants.
473	ted_6_90.wav	Mais je pense que le plein potentiel de cette explosion numérique cambrienne ne sera pleinement réalisé que lorsque nous alimenterons nos ordinateurs et nos robots avec une intelligence spatiale, tout comme la nature l'a fait pour nous tous.
474	ted_6_91.wav	C'est un moment excitant pour enseigner à notre compagnon numérique à apprendre à raisonner et à interagir avec cet espace 3D magnifique que nous appelons notre maison, et aussi créer de nombreux autres mondes que nous pouvons tous explorer.
475	ted_6_93.wav	Cela nécessite que nous prenions des mesures réfléchies et que nous développions des technologies plaçant toujours l'humain au centre.
476	ted_6_94.wav	Mais si nous faisons cela correctement, les ordinateurs et les robots alimentés par l'intelligence spatiale ne seront pas seulement des outils utiles, mais aussi des partenaires de confiance pour améliorer et augmenter notre productivité et notre humanité tout en respectant notre dignité individuelle et en renforçant notre prospérité collective.
477	ted_6_95.wav	Ce qui m'excite le plus dans le futur, c'est un futur dans lequel l'IA devient plus perspicace, avisée et consciente de l'espace, et où elle se joint à nous dans notre quête pour toujours poursuivre un meilleur moyen de créer un monde meilleur.
